<?xml version="1.0" encoding="UTF-8"?>
<list>
	<CombatSpellDefinition>
		<name>Trident of the Seas</name>
		<id>9999</id>
		<baseMaxHit>30</baseMaxHit>
		<baseExperience>2</baseExperience>
		<animation>
			<id>791</id>
			<delay>0</delay>
		</animation>
		<start>
			<id>1251</id>
			<delay>0</delay>
			<height>100</height>
		</start>
		<projectile>
			<id>1252</id>
			<size>1</size>
			<delay>50</delay>
			<duration>65</duration>
			<startHeight>30</startHeight>
			<endHeight>30</endHeight>
			<curve>2</curve>
		</projectile>
		<end>
			<id>1253</id>
			<delay>0</delay>
			<height>100</height>
		</end>
		<level>75</level>
		<weapon>
			<int>11907</int>
		</weapon>
		<runes>null</runes>
	</CombatSpellDefinition>
	<CombatSpellDefinition>
		<name>Trident of the Swamp</name>
		<id>9998</id>
		<baseMaxHit>33</baseMaxHit>
		<baseExperience>3</baseExperience>
		<animation>
			<id>791</id>
			<delay>0</delay>
		</animation>
		<start>
			<id>665</id>
			<delay>0</delay>
			<height>100</height>
		</start>
		<projectile>
			<id>1040</id>
			<size>1</size>
			<delay>50</delay>
			<duration>65</duration>
			<startHeight>30</startHeight>
			<endHeight>30</endHeight>
			<curve>2</curve>
		</projectile>
		<end>
			<id>1042</id>
			<delay>0</delay>
			<height>100</height>
		</end>
		<level>75</level>
		<weapon>
			<int>12899</int>
		</weapon>
		<runes>null</runes>
	</CombatSpellDefinition>		
	<CombatSpellDefinition>
		<name>Wind Strike</name>
		<id>1152</id>
		<baseMaxHit>2</baseMaxHit>
		<baseExperience>5.5</baseExperience>
		<animation>
			<id>1162</id>
			<delay>0</delay>
		</animation>
		<start>
			<id>90</id>
			<delay>0</delay>
			<height>100</height>
		</start>
		<projectile>
			<id>91</id>
			<size>1</size>
			<delay>50</delay>
			<duration>75</duration>
			<startHeight>43</startHeight>
			<endHeight>31</endHeight>
			<curve>16</curve>
		</projectile>
		<end>
			<id>92</id>
			<delay>0</delay>
			<height>100</height>
		</end>
		<level>1</level>
		<weapon>null</weapon>
		<runes>
			<item>
				<id>556</id>
				<amount>1</amount>
			</item>
			<item>
				<id>558</id>
				<amount>1</amount>
			</item>
		</runes>
	</CombatSpellDefinition>
	<CombatSpellDefinition>
		<name>Water Strike</name>
		<id>1154</id>
		<baseMaxHit>4</baseMaxHit>
		<baseExperience>7.5</baseExperience>
		<animation>
			<id>1162</id>
			<delay>0</delay>
		</animation>
		<start>
			<id>93</id>
			<delay>0</delay>
			<height>100</height>
		</start>
		<projectile>
			<id>94</id>
			<size>1</size>
			<delay>50</delay>
			<duration>75</duration>
			<startHeight>43</startHeight>
			<endHeight>31</endHeight>
			<curve>16</curve>
		</projectile>
		<end>
			<id>95</id>
			<delay>0</delay>
			<height>150</height>
		</end>
		<level>5</level>
		<weapon>null</weapon>
		<runes>
			<item>
				<id>556</id>
				<amount>1</amount>
			</item>
			<item>
				<id>558</id>
				<amount>1</amount>
			</item>
			<item>
				<id>555</id>
				<amount>1</amount>
			</item>
		</runes>
	</CombatSpellDefinition>
	<CombatSpellDefinition>
		<name>Earth strike</name>
		<id>1156</id>
		<baseMaxHit>6</baseMaxHit>
		<baseExperience>9.5</baseExperience>
		<animation>
			<id>1162</id>
			<delay>0</delay>
		</animation>
		<start>
			<id>96</id>
			<delay>0</delay>
			<height>100</height>
		</start>
		<projectile>
			<id>97</id>
			<size>1</size>
			<delay>50</delay>
			<duration>75</duration>
			<startHeight>43</startHeight>
			<endHeight>31</endHeight>
			<curve>16</curve>
		</projectile>
		<end>
			<id>98</id>
			<delay>0</delay>
			<height>100</height>
		</end>
		<level>9</level>
		<weapon>null</weapon>
		<runes>
			<item>
				<id>556</id>
				<amount>1</amount>
			</item>
			<item>
				<id>558</id>
				<amount>1</amount>
			</item>
			<item>
				<id>557</id>
				<amount>2</amount>
			</item>
		</runes>
	</CombatSpellDefinition>
	<CombatSpellDefinition>
		<name>Fire strike</name>
		<id>1158</id>
		<baseMaxHit>8</baseMaxHit>
		<baseExperience>11.5</baseExperience>
		<animation>
			<id>1162</id>
			<delay>0</delay>
		</animation>
		<start>
			<id>99</id>
			<delay>0</delay>
			<height>100</height>
		</start>
		<projectile>
			<id>100</id>
			<size>1</size>
			<delay>50</delay>
			<duration>75</duration>
			<startHeight>43</startHeight>
			<endHeight>31</endHeight>
			<curve>16</curve>
		</projectile>
		<end>
			<id>101</id>
			<delay>0</delay>
			<height>100</height>
		</end>
		<level>13</level>
		<weapon>null</weapon>
		<runes>
			<item>
				<id>556</id>
				<amount>2</amount>
			</item>
			<item>
				<id>558</id>
				<amount>1</amount>
			</item>
			<item>
				<id>554</id>
				<amount>3</amount>
			</item>
		</runes>
	</CombatSpellDefinition>
	<CombatSpellDefinition>
		<name>Air bolt</name>
		<id>1160</id>
		<baseMaxHit>9</baseMaxHit>
		<animation>
			<id>1162</id>
			<delay>0</delay>
		</animation>
		<start>
			<id>117</id>
			<delay>0</delay>
			<height>100</height>
		</start>
		<projectile>
			<id>118</id>
			<size>1</size>
			<delay>50</delay>
			<duration>75</duration>
			<startHeight>43</startHeight>
			<endHeight>31</endHeight>
			<curve>16</curve>
		</projectile>
		<end>
			<id>119</id>
			<delay>0</delay>
			<height>100</height>
		</end>
		<level>17</level>
		<weapon>null</weapon>
		<runes>
			<item>
				<id>556</id>
				<amount>2</amount>
			</item>
			<item>
				<id>562</id>
				<amount>1</amount>
			</item>
		</runes>
	</CombatSpellDefinition>
	<CombatSpellDefinition>
		<name>Water bolt</name>
		<id>1163</id>
		<baseMaxHit>10</baseMaxHit>
		<baseExperience>16.5</baseExperience>
		<animation>
			<id>1162</id>
			<delay>0</delay>
		</animation>
		<start>
			<id>120</id>
			<delay>0</delay>
			<height>100</height>
		</start>
		<projectile>
			<id>121</id>
			<size>1</size>
			<delay>50</delay>
			<duration>75</duration>
			<startHeight>43</startHeight>
			<endHeight>31</endHeight>
			<curve>16</curve>
		</projectile>
		<end>
			<id>122</id>
			<delay>0</delay>
			<height>100</height>
		</end>
		<level>23</level>
		<weapon>null</weapon>
		<runes>
			<item>
				<id>556</id>
				<amount>2</amount>
			</item>
			<item>
				<id>562</id>
				<amount>1</amount>
			</item>
			<item>
				<id>555</id>
				<amount>2</amount>
			</item>
		</runes>
	</CombatSpellDefinition>
	<CombatSpellDefinition>
		<name>Earth bolt</name>
		<id>1166</id>
		<baseMaxHit>11</baseMaxHit>
		<animation>
			<id>1162</id>
			<delay>0</delay>
		</animation>
		<start>
			<id>123</id>
			<delay>0</delay>
			<height>0</height>
		</start>
		<projectile>
			<id>124</id>
			<size>1</size>
			<delay>50</delay>
			<duration>75</duration>
			<startHeight>43</startHeight>
			<endHeight>31</endHeight>
			<curve>16</curve>
		</projectile>
		<end>
			<id>125</id>
			<delay>0</delay>
			<height>100</height>
		</end>
		<level>29</level>
		<weapon>null</weapon>
		<runes>
			<item>
				<id>556</id>
				<amount>2</amount>
			</item>
			<item>
				<id>562</id>
				<amount>1</amount>
			</item>
			<item>
				<id>557</id>
				<amount>3</amount>
			</item>
		</runes>
	</CombatSpellDefinition>
	<CombatSpellDefinition>
		<name>Fire bolt</name>
		<id>1169</id>
		<baseMaxHit>12</baseMaxHit>
		<baseExperience>22.5</baseExperience>
		<animation>
			<id>1162</id>
			<delay>0</delay>
		</animation>
		<start>
			<id>126</id>
			<delay>0</delay>
			<height>0</height>
		</start>
		<projectile>
			<id>127</id>
			<size>1</size>
			<delay>50</delay>
			<duration>75</duration>
			<startHeight>43</startHeight>
			<endHeight>31</endHeight>
			<curve>16</curve>
		</projectile>
		<end>
			<id>128</id>
			<delay>0</delay>
			<height>100</height>
		</end>
		<level>35</level>
		<weapon>null</weapon>
		<runes>
			<item>
				<id>556</id>
				<amount>3</amount>
			</item>
			<item>
				<id>562</id>
				<amount>1</amount>
			</item>
			<item>
				<id>554</id>
				<amount>4</amount>
			</item>
		</runes>
	</CombatSpellDefinition>
	<CombatSpellDefinition>
		<name>Air blast</name>
		<id>1172</id>
		<baseMaxHit>13</baseMaxHit>
		<baseExperience>25.5</baseExperience>
		<animation>
			<id>1162</id>
			<delay>0</delay>
		</animation>
		<start>
			<id>132</id>
			<delay>0</delay>
			<height>100</height>
		</start>
		<projectile>
			<id>133</id>
			<size>1</size>
			<delay>50</delay>
			<duration>75</duration>
			<startHeight>43</startHeight>
			<endHeight>31</endHeight>
			<curve>16</curve>
		</projectile>
		<end>
			<id>134</id>
			<delay>0</delay>
			<height>100</height>
		</end>
		<level>41</level>
		<weapon>null</weapon>
		<runes>
			<item>
				<id>556</id>
				<amount>3</amount>
			</item>
			<item>
				<id>560</id>
				<amount>1</amount>
			</item>
		</runes>
	</CombatSpellDefinition>
	<CombatSpellDefinition>
		<name>Water blast</name>
		<id>1175</id>
		<baseMaxHit>14</baseMaxHit>
		<baseExperience>28.5</baseExperience>
		<animation>
			<id>1162</id>
			<delay>0</delay>
		</animation>
		<start>
			<id>135</id>
			<delay>0</delay>
			<height>100</height>
		</start>
		<projectile>
			<id>136</id>
			<size>1</size>
			<delay>50</delay>
			<duration>75</duration>
			<startHeight>43</startHeight>
			<endHeight>31</endHeight>
			<curve>16</curve>
		</projectile>
		<end>
			<id>137</id>
			<delay>0</delay>
			<height>100</height>
		</end>
		<level>47</level>
		<weapon>null</weapon>
		<runes>
			<item>
				<id>556</id>
				<amount>3</amount>
			</item>
			<item>
				<id>560</id>
				<amount>1</amount>
			</item>
			<item>
				<id>555</id>
				<amount>3</amount>
			</item>
		</runes>
	</CombatSpellDefinition>
	<CombatSpellDefinition>
		<name>Earth blast</name>
		<id>1177</id>
		<baseMaxHit>15</baseMaxHit>
		<baseExperience>31.5</baseExperience>
		<animation>
			<id>1162</id>
			<delay>0</delay>
		</animation>
		<start>
			<id>138</id>
			<delay>0</delay>
			<height>100</height>
		</start>
		<projectile>
			<id>139</id>
			<size>1</size>
			<delay>50</delay>
			<duration>75</duration>
			<startHeight>43</startHeight>
			<endHeight>31</endHeight>
			<curve>16</curve>
		</projectile>
		<end>
			<id>140</id>
			<delay>0</delay>
			<height>100</height>
		</end>
		<level>47</level>
		<weapon>null</weapon>
		<runes>
			<item>
				<id>556</id>
				<amount>3</amount>
			</item>
			<item>
				<id>560</id>
				<amount>1</amount>
			</item>
			<item>
				<id>557</id>
				<amount>4</amount>
			</item>
		</runes>
	</CombatSpellDefinition>
	<CombatSpellDefinition>
		<name>Fire blast</name>
		<id>1181</id>
		<baseMaxHit>16</baseMaxHit>
		<baseExperience>34.5</baseExperience>
		<animation>
			<id>1162</id>
			<delay>0</delay>
		</animation>
		<start>
			<id>129</id>
			<delay>0</delay>
			<height>100</height>
		</start>
		<projectile>
			<id>130</id>
			<size>1</size>
			<delay>50</delay>
			<duration>75</duration>
			<startHeight>43</startHeight>
			<endHeight>31</endHeight>
			<curve>16</curve>
		</projectile>
		<end>
			<id>131</id>
			<delay>0</delay>
			<height>100</height>
		</end>
		<level>59</level>
		<weapon>null</weapon>
		<runes>
			<item>
				<id>556</id>
				<amount>4</amount>
			</item>
			<item>
				<id>560</id>
				<amount>1</amount>
			</item>
			<item>
				<id>554</id>
				<amount>5</amount>
			</item>
		</runes>
	</CombatSpellDefinition>
	<CombatSpellDefinition>
		<name>Air wave</name>
		<id>1183</id>
		<baseMaxHit>17</baseMaxHit>
		<baseExperience>36</baseExperience>
		<animation>
			<id>1167</id>
			<delay>0</delay>
		</animation>
		<start>
			<id>158</id>
			<delay>0</delay>
			<height>100</height>
		</start>
		<projectile>
			<id>159</id>
			<size>1</size>
			<delay>50</delay>
			<duration>75</duration>
			<startHeight>43</startHeight>
			<endHeight>31</endHeight>
			<curve>16</curve>
		</projectile>
		<end>
			<id>160</id>
			<delay>0</delay>
			<height>100</height>
		</end>
		<level>62</level>
		<weapon>null</weapon>
		<runes>
			<item>
				<id>556</id>
				<amount>5</amount>
			</item>
			<item>
				<id>565</id>
				<amount>1</amount>
			</item>
		</runes>
	</CombatSpellDefinition>
	<CombatSpellDefinition>
		<name>Water wave</name>
		<id>1185</id>
		<baseMaxHit>18</baseMaxHit>
		<baseExperience>37.5</baseExperience>
		<animation>
			<id>1167</id>
			<delay>0</delay>
		</animation>
		<start>
			<id>161</id>
			<delay>0</delay>
			<height>100</height>
		</start>
		<projectile>
			<id>162</id>
			<size>1</size>
			<delay>50</delay>
			<duration>75</duration>
			<startHeight>43</startHeight>
			<endHeight>31</endHeight>
			<curve>16</curve>
		</projectile>
		<end>
			<id>163</id>
			<delay>0</delay>
			<height>100</height>
		</end>
		<level>65</level>
		<weapon>null</weapon>
		<runes>
			<item>
				<id>556</id>
				<amount>5</amount>
			</item>
			<item>
				<id>565</id>
				<amount>1</amount>
			</item>
			<item>
				<id>556</id>
				<amount>7</amount>
			</item>
		</runes>
	</CombatSpellDefinition>
	<CombatSpellDefinition>
		<name>Earth wave</name>
		<id>1188</id>
		<baseMaxHit>19</baseMaxHit>
		<baseExperience>40</baseExperience>
		<animation>
			<id>1167</id>
			<delay>0</delay>
		</animation>
		<start>
			<id>164</id>
			<delay>0</delay>
			<height>100</height>
		</start>
		<projectile>
			<id>165</id>
			<size>1</size>
			<delay>50</delay>
			<duration>75</duration>
			<startHeight>43</startHeight>
			<endHeight>31</endHeight>
			<curve>16</curve>
		</projectile>
		<end>
			<id>166</id>
			<delay>0</delay>
			<height>100</height>
		</end>
		<level>70</level>
		<weapon>null</weapon>
		<runes>
			<item>
				<id>556</id>
				<amount>5</amount>
			</item>
			<item>
				<id>565</id>
				<amount>1</amount>
			</item>
			<item>
				<id>557</id>
				<amount>7</amount>
			</item>
		</runes>
	</CombatSpellDefinition>
	<CombatSpellDefinition>
		<name>Fire wave</name>
		<id>1189</id>
		<baseMaxHit>20</baseMaxHit>
		<baseExperience>42.5</baseExperience>
		<animation>
			<id>1167</id>
			<delay>0</delay>
		</animation>
		<start>
			<id>155</id>
			<delay>0</delay>
			<height>100</height>
		</start>
		<projectile>
			<id>156</id>
			<size>1</size>
			<delay>50</delay>
			<duration>75</duration>
			<startHeight>43</startHeight>
			<endHeight>31</endHeight>
			<curve>16</curve>
		</projectile>
		<end>
			<id>157</id>
			<delay>0</delay>
			<height>100</height>
		</end>
		<level>75</level>
		<weapon>null</weapon>
		<runes>
			<item>
				<id>556</id>
				<amount>5</amount>
			</item>
			<item>
				<id>565</id>
				<amount>1</amount>
			</item>
			<item>
				<id>554</id>
				<amount>7</amount>
			</item>
		</runes>
	</CombatSpellDefinition>
	<CombatSpellDefinition>
		<name>Tele block</name>
		<id>12445</id>
		<baseMaxHit>0</baseMaxHit>
		<baseExperience>0</baseExperience>
		<animation>
			<id>1819</id>
			<delay>0</delay>
		</animation>
		<projectile>
			<id>344</id>
			<size>1</size>
			<delay>50</delay>
			<duration>75</duration>
			<startHeight>43</startHeight>
			<endHeight>31</endHeight>
			<curve>16</curve>
		</projectile>
		<end>
			<id>345</id>
			<delay>0</delay>
			<height>0</height>
		</end>
		<level>85</level>
		<weapon>null</weapon>
		<runes>
			<item>
				<id>563</id>
				<amount>1</amount>
			</item>
			<item>
				<id>562</id>
				<amount>1</amount>
			</item>
			<item>
				<id>560</id>
				<amount>1</amount>
			</item>
		</runes>
	</CombatSpellDefinition>
	<CombatSpellDefinition>
		<name>Smoke rush</name>
		<id>12939</id>
		<baseMaxHit>14</baseMaxHit>
		<baseExperience>31</baseExperience>
		<animation>
			<id>1978</id>
			<delay>0</delay>
		</animation>
		<projectile>
			<id>385</id>
			<size>1</size>
			<delay>50</delay>
			<duration>75</duration>
			<startHeight>43</startHeight>
			<endHeight>31</endHeight>
			<curve>16</curve>
		</projectile>
		<end>
			<id>387</id>
			<delay>0</delay>
			<height>0</height>
		</end>
		<level>50</level>
		<weapon>null</weapon>
		<runes>
			<item>
				<id>560</id>
				<amount>2</amount>
			</item>
			<item>
				<id>554</id>
				<amount>1</amount>
			</item>
			<item>
				<id>556</id>
				<amount>1</amount>
			</item>
		</runes>
	</CombatSpellDefinition>
	<CombatSpellDefinition>
		<name>Shadow rush</name>
		<id>12987</id>
		<baseMaxHit>14</baseMaxHit>
		<baseExperience>31</baseExperience>
		<animation>
			<id>1978</id>
			<delay>0</delay>
		</animation>
		<projectile>
			<id>378</id>
			<size>1</size>
			<delay>50</delay>
			<duration>75</duration>
			<startHeight>43</startHeight>
			<endHeight>31</endHeight>
			<curve>16</curve>
		</projectile>
		<end>
			<id>379</id>
			<delay>0</delay>
			<height>0</height>
		</end>
		<level>52</level>
		<weapon>null</weapon>
		<runes>
			<item>
				<id>560</id>
				<amount>2</amount>
			</item>
			<item>
				<id>562</id>
				<amount>2</amount>
			</item>
			<item>
				<id>556</id>
				<amount>1</amount>
			</item>
			<item>
				<id>566</id>
				<amount>1</amount>
			</item>
		</runes>
	</CombatSpellDefinition>
	<CombatSpellDefinition>
		<name>Blood rush</name>
		<id>12901</id>
		<baseMaxHit>15</baseMaxHit>
		<baseExperience>33</baseExperience>
		<animation>
			<id>1978</id>
			<delay>0</delay>
		</animation>

		<projectile>
			<id>372</id>
			<size>1</size>
			<delay>50</delay>
			<duration>75</duration>
			<startHeight>43</startHeight>
			<endHeight>31</endHeight>
			<curve>16</curve>
		</projectile>
		<end>
			<id>373</id>
			<delay>0</delay>
			<height>0</height>
		</end>
		<level>56</level>
		<weapon>null</weapon>
		<runes>
			<item>
				<id>562</id>
				<amount>2</amount>
			</item>
			<item>
				<id>560</id>
				<amount>2</amount>
			</item>
			<item>
				<id>565</id>
				<amount>1</amount>
			</item>
		</runes>
	</CombatSpellDefinition>
	<CombatSpellDefinition>
		<name>Ice rush</name>
		<id>12861</id>
		<baseMaxHit>16</baseMaxHit>
		<baseExperience>36</baseExperience>
		<animation>
			<id>1978</id>
			<delay>0</delay>
		</animation>

		<projectile>
			<id>360</id>
			<size>1</size>
			<delay>50</delay>
			<duration>75</duration>
			<startHeight>43</startHeight>
			<endHeight>31</endHeight>
			<curve>16</curve>
		</projectile>
		<end>
			<id>361</id>
			<delay>0</delay>
			<height>0</height>
		</end>
		<level>58</level>
		<weapon>null</weapon>
		<runes>
			<item>
				<id>562</id>
				<amount>2</amount>
			</item>
			<item>
				<id>560</id>
				<amount>2</amount>
			</item>
			<item>
				<id>555</id>
				<amount>2</amount>
			</item>
		</runes>
	</CombatSpellDefinition>
	<CombatSpellDefinition>
		<name>Smoke burst</name>
		<id>12963</id>
		<baseMaxHit>17</baseMaxHit>
		<baseExperience>36</baseExperience>
		<animation>
			<id>1979</id>
			<delay>0</delay>
		</animation>

		<projectile>
			<id>386</id>
			<size>1</size>
			<delay>50</delay>
			<duration>75</duration>
			<startHeight>43</startHeight>
			<endHeight>31</endHeight>
			<curve>16</curve>
		</projectile>
		<end>
			<id>390</id>
			<delay>0</delay>
			<height>0</height>
		</end>
		<level>62</level>
		<weapon>null</weapon>
		<runes>
			<item>
				<id>562</id>
				<amount>4</amount>
			</item>
			<item>
				<id>560</id>
				<amount>2</amount>
			</item>
			<item>
				<id>556</id>
				<amount>2</amount>
			</item>
		</runes>
	</CombatSpellDefinition>
	<CombatSpellDefinition>
		<name>Shadow burst</name>
		<id>13011</id>
		<baseMaxHit>17</baseMaxHit>
		<animation>
			<id>1979</id>
			<delay>0</delay>
		</animation>

		<projectile>
			<id>378</id>
			<size>1</size>
			<delay>50</delay>
			<duration>75</duration>
			<startHeight>43</startHeight>
			<endHeight>31</endHeight>
			<curve>16</curve>
		</projectile>
		<end>
			<id>382</id>
			<delay>0</delay>
			<height>0</height>
		</end>
		<level>64</level>
		<weapon>null</weapon>
		<runes>
			<item>
				<id>562</id>
				<amount>4</amount>
			</item>
			<item>
				<id>560</id>
				<amount>2</amount>
			</item>
			<item>
				<id>566</id>
				<amount>2</amount>
			</item>
		</runes>
	</CombatSpellDefinition>
	<CombatSpellDefinition>
		<name>Blood burst</name>
		<id>12919</id>
		<baseMaxHit>21</baseMaxHit>
		<baseExperience>39</baseExperience>
		<animation>
			<id>1979</id>
			<delay>0</delay>
		</animation>

		<projectile>
			<id>372</id>
			<size>1</size>
			<delay>50</delay>
			<duration>75</duration>
			<startHeight>43</startHeight>
			<endHeight>31</endHeight>
			<curve>16</curve>
		</projectile>
		<end>
			<id>376</id>
			<delay>0</delay>
			<height>0</height>
		</end>
		<level>68</level>
		<weapon>null</weapon>
		<runes>
			<item>
				<id>562</id>
				<amount>4</amount>
			</item>
			<item>
				<id>560</id>
				<amount>2</amount>
			</item>
			<item>
				<id>565</id>
				<amount>2</amount>
			</item>
		</runes>
	</CombatSpellDefinition>
	<CombatSpellDefinition>
		<name>Ice burst</name>
		<id>12881</id>
		<baseMaxHit>22</baseMaxHit>
		<animation>
			<id>1979</id>
			<delay>0</delay>
		</animation>

		<projectile>null</projectile>
		<end>
			<id>363</id>
			<delay>0</delay>
			<height>0</height>
		</end>
		<level>70</level>
		<weapon>null</weapon>
		<runes>
			<item>
				<id>562</id>
				<amount>4</amount>
			</item>
			<item>
				<id>560</id>
				<amount>2</amount>
			</item>
			<item>
				<id>555</id>
				<amount>4</amount>
			</item>
		</runes>
	</CombatSpellDefinition>
	<CombatSpellDefinition>
		<name>Smoke blitz</name>
		<id>12951</id>
		<baseMaxHit>23</baseMaxHit>
		<baseExperience>42</baseExperience>
		<animation>
			<id>1978</id>
			<delay>0</delay>
		</animation>

		<projectile>
			<id>386</id>
			<size>1</size>
			<delay>50</delay>
			<duration>75</duration>
			<startHeight>43</startHeight>
			<endHeight>31</endHeight>
			<curve>16</curve>
		</projectile>
		<end>
			<id>388</id>
			<delay>0</delay>
			<height>0</height>
		</end>
		<level>74</level>
		<weapon>null</weapon>
		<runes>
			<item>
				<id>560</id>
				<amount>2</amount>
			</item>
			<item>
				<id>565</id>
				<amount>2</amount>
			</item>
			<item>
				<id>554</id>
				<amount>2</amount>
			</item>
			<item>
				<id>556</id>
				<amount>2</amount>
			</item>
		</runes>
	</CombatSpellDefinition>
	<CombatSpellDefinition>
		<name>Shadow blitz</name>
		<id>12999</id>
		<baseMaxHit>24</baseMaxHit>
		<baseExperience>43</baseExperience>
		<animation>
			<id>1978</id>
			<delay>0</delay>
		</animation>

		<projectile>
			<id>380</id>
			<size>1</size>
			<delay>50</delay>
			<duration>75</duration>
			<startHeight>43</startHeight>
			<endHeight>31</endHeight>
			<curve>16</curve>
		</projectile>
		<end>
			<id>381</id>
			<delay>0</delay>
			<height>0</height>
		</end>
		<level>76</level>
		<weapon>null</weapon>
		<runes>
			<item>
				<id>560</id>
				<amount>2</amount>
			</item>
			<item>
				<id>565</id>
				<amount>2</amount>
			</item>
			<item>
				<id>566</id>
				<amount>2</amount>
			</item>
			<item>
				<id>556</id>
				<amount>2</amount>
			</item>
		</runes>
	</CombatSpellDefinition>
	<CombatSpellDefinition>
		<name>Blood blitz</name>
		<id>12911</id>
		<baseMaxHit>25</baseMaxHit>
		<baseExperience>45</baseExperience>
		<animation>
			<id>1978</id>
			<delay>0</delay>
		</animation>

		<projectile>
			<id>374</id>
			<size>1</size>
			<delay>50</delay>
			<duration>75</duration>
			<startHeight>43</startHeight>
			<endHeight>31</endHeight>
			<curve>16</curve>
		</projectile>
		<end>
			<id>375</id>
			<delay>0</delay>
			<height>0</height>
		</end>
		<level>80</level>
		<weapon>null</weapon>
		<runes>
			<item>
				<id>560</id>
				<amount>2</amount>
			</item>
			<item>
				<id>565</id>
				<amount>4</amount>
			</item>
		</runes>
	</CombatSpellDefinition>
	<CombatSpellDefinition>
		<name>Ice blitz</name>
		<id>12871</id>
		<baseMaxHit>26</baseMaxHit>
		<baseExperience>46</baseExperience>
		<animation>
			<id>1978</id>
			<delay>0</delay>
		</animation>
		<start>
			<id>366</id>
			<delay>0</delay>
			<height>100</height>
		</start>
		<projectile>
			<id>366</id>
			<size>1</size>
			<delay>50</delay>
			<duration>75</duration>
			<startHeight>43</startHeight>
			<endHeight>31</endHeight>
			<curve>16</curve>
		</projectile>
		<end>
			<id>367</id>
			<delay>0</delay>
			<height>0</height>
		</end>
		<level>82</level>
		<weapon>null</weapon>
		<runes>
			<item>
				<id>560</id>
				<amount>2</amount>
			</item>
			<item>
				<id>565</id>
				<amount>2</amount>
			</item>
			<item>
				<id>555</id>
				<amount>3</amount>
			</item>
		</runes>
	</CombatSpellDefinition>
	<CombatSpellDefinition>
		<name>Smoke barrage</name>
		<id>12975</id>
		<baseMaxHit>27</baseMaxHit>
		<baseExperience>48</baseExperience>
		<animation>
			<id>1979</id>
			<delay>0</delay>
		</animation>

		<projectile>
			<id>386</id>
			<size>1</size>
			<delay>50</delay>
			<duration>75</duration>
			<startHeight>43</startHeight>
			<endHeight>31</endHeight>
			<curve>16</curve>
		</projectile>
		<end>
			<id>391</id>
			<delay>0</delay>
			<height>0</height>
		</end>
		<level>86</level>
		<weapon>null</weapon>
		<runes>
			<item>
				<id>560</id>
				<amount>4</amount>
			</item>
			<item>
				<id>565</id>
				<amount>2</amount>
			</item>
			<item>
				<id>554</id>
				<amount>4</amount>
			</item>
			<item>
				<id>556</id>
				<amount>4</amount>
			</item>
		</runes>
	</CombatSpellDefinition>
	<CombatSpellDefinition>
		<name>Shadow barrage</name>
		<id>13023</id>
		<baseMaxHit>28</baseMaxHit>
		<baseExperience>48</baseExperience>
		<animation>
			<id>1979</id>
			<delay>0</delay>
		</animation>

		<projectile>
			<id>380</id>
			<size>1</size>
			<delay>50</delay>
			<duration>75</duration>
			<startHeight>43</startHeight>
			<endHeight>31</endHeight>
			<curve>16</curve>
		</projectile>
		<end>
			<id>383</id>
			<delay>0</delay>
			<height>0</height>
		</end>
		<level>88</level>
		<weapon>null</weapon>
		<runes>
			<item>
				<id>560</id>
				<amount>4</amount>
			</item>
			<item>
				<id>565</id>
				<amount>2</amount>
			</item>
			<item>
				<id>556</id>
				<amount>2</amount>
			</item>
			<item>
				<id>566</id>
				<amount>3</amount>
			</item>
		</runes>
	</CombatSpellDefinition>
	<CombatSpellDefinition>
		<name>Blood barrage</name>
		<id>12929</id>
		<baseMaxHit>29</baseMaxHit>
		<baseExperience>51</baseExperience>
		<animation>
			<id>1979</id>
			<delay>0</delay>
		</animation>
		<projectile>
			<id>374</id>
			<size>1</size>
			<delay>50</delay>
			<duration>75</duration>
			<startHeight>43</startHeight>
			<endHeight>31</endHeight>
			<curve>16</curve>
		</projectile>
		<end>
			<id>377</id>
			<delay>0</delay>
			<height>0</height>
		</end>
		<level>92</level>
		<weapon>null</weapon>
		<runes>
			<item>
				<id>560</id>
				<amount>4</amount>
			</item>
			<item>
				<id>565</id>
				<amount>4</amount>
			</item>
			<item>
				<id>566</id>
				<amount>1</amount>
			</item>
		</runes>
	</CombatSpellDefinition>
	<CombatSpellDefinition>
		<name>Ice barrage</name>
		<id>12891</id>
		<baseMaxHit>30</baseMaxHit>
		<baseExperience>42</baseExperience>
		<animation>
			<id>1979</id>
			<delay>0</delay>
		</animation>
		<projectile>null</projectile>
		<end>
			<id>369</id>
			<delay>0</delay>
			<height>0</height>
		</end>
		<level>94</level>
		<weapon>null</weapon>
		<runes>
			<item>
				<id>560</id>
				<amount>4</amount>
			</item>
			<item>
				<id>565</id>
				<amount>2</amount>
			</item>
			<item>
				<id>555</id>
				<amount>6</amount>
			</item>
		</runes>
	</CombatSpellDefinition>
	<CombatSpellDefinition>
		<name>Miasmic barrage</name>
		<id>21746</id>
		<baseMaxHit>35</baseMaxHit>
		<baseExperience>36</baseExperience>
		<animation>
			<id>10518</id>
			<delay>0</delay>
		</animation>
		<start>
			<id>1853</id>
			<delay>0</delay>
			<height>100</height>
		</start>
		<projectile>null</projectile>
		<end>
			<id>1854</id>
			<delay>0</delay>
			<height>100</height>
		</end>
		<level>97</level>
		<weapon>
			<int>13867</int>
			<int>13869</int>
		</weapon>
		<runes>
			<item>
				<id>566</id>
				<amount>4</amount>
			</item>
			<item>
				<id>565</id>
				<amount>4</amount>
			</item>
			<item>
				<id>557</id>
				<amount>4</amount>
			</item>
		</runes>
	</CombatSpellDefinition>
	<CombatSpellDefinition>
		<name>Saradomin Strike</name>
		<id>1190</id>
		<baseMaxHit>20</baseMaxHit>
		<baseExperience>20</baseExperience>
		<animation>
			<id>811</id>
			<delay>0</delay>
		</animation>

		<projectile>null</projectile>
		<end>
			<id>76</id>
			<delay>0</delay>
			<height>100</height>
		</end>
		<level>60</level>
		<weapon>
			<int>2415</int>
		</weapon>
		<runes>
			<item>
				<id>554</id>
				<amount>2</amount>
			</item>
			<item>
				<id>565</id>
				<amount>2</amount>
			</item>
			<item>
				<id>556</id>
				<amount>2</amount>
			</item>
		</runes>
	</CombatSpellDefinition>
	<CombatSpellDefinition>
		<name>Claws of Guthix</name>
		<id>1191</id>
		<baseMaxHit>20</baseMaxHit>
		<baseExperience>20</baseExperience>
		<animation>
			<id>811</id>
			<delay>0</delay>
		</animation>

		<projectile>null</projectile>
		<end>
			<id>77</id>
			<delay>0</delay>
			<height>100</height>
		</end>
		<level>60</level>
		<weapon>
			<int>2416</int>
		</weapon>
		<runes>
			<item>
				<id>554</id>
				<amount>1</amount>
			</item>
			<item>
				<id>565</id>
				<amount>2</amount>
			</item>
			<item>
				<id>556</id>
				<amount>4</amount>
			</item>
		</runes>
	</CombatSpellDefinition>
	<CombatSpellDefinition>
		<name>Flames of Zamorak</name>
		<id>1192</id>
		<baseMaxHit>20</baseMaxHit>
		<baseExperience>20</baseExperience>
		<animation>
			<id>811</id>
			<delay>0</delay>
		</animation>

		<projectile>null</projectile>
		<end>
			<id>78</id>
			<delay>0</delay>
			<height>0</height>
		</end>
		<level>60</level>
		<weapon>
			<int>2417</int>
		</weapon>
		<runes>
			<item>
				<id>554</id>
				<amount>4</amount>
			</item>
			<item>
				<id>565</id>
				<amount>2</amount>
			</item>
			<item>
				<id>556</id>
				<amount>1</amount>
			</item>
		</runes>
	</CombatSpellDefinition>
	<CombatSpellDefinition>
		<name>Entangle</name>
		<id>1592</id>
		<baseMaxHit>4</baseMaxHit>
		<baseExperience>20</baseExperience>
		<animation>
			<id>716</id>
			<delay>0</delay>
		</animation>

		<projectile>null</projectile>
		<end>
			<id>179</id>
			<delay>0</delay>
			<height>100</height>
		</end>
		<level>79</level>
		<runes>
			<item>
				<id>557</id>
				<amount>5</amount>
			</item>
			<item>
				<id>555</id>
				<amount>5</amount>
			</item>
			<item>
				<id>561</id>
				<amount>4</amount>
			</item>
		</runes>
	</CombatSpellDefinition>
	<CombatSpellDefinition>
		<name>Snare</name>
		<id>1582</id>
		<baseMaxHit>3</baseMaxHit>
		<baseExperience>15</baseExperience>
		<animation>
			<id>716</id>
			<delay>0</delay>
		</animation>

		<projectile>null</projectile>
		<end>
			<id>180</id>
			<delay>0</delay>
			<height>100</height>
		</end>
		<level>50</level>
		<runes>
			<item>
				<id>557</id>
				<amount>4</amount>
			</item>
			<item>
				<id>555</id>
				<amount>4</amount>
			</item>
			<item>
				<id>561</id>
				<amount>3</amount>
			</item>
		</runes>
	</CombatSpellDefinition>
	<CombatSpellDefinition>
		<name>Bind</name>
		<id>1572</id>
		<baseMaxHit>2</baseMaxHit>
		<baseExperience>7</baseExperience>
		<animation>
			<id>716</id>
			<delay>0</delay>
		</animation>

		<projectile>null</projectile>
		<end>
			<id>181</id>
			<delay>0</delay>
			<height>100</height>
		</end>
		<level>20</level>
		<runes>
			<item>
				<id>557</id>
				<amount>3</amount>
			</item>
			<item>
				<id>555</id>
				<amount>3</amount>
			</item>
			<item>
				<id>561</id>
				<amount>2</amount>
			</item>
		</runes>
	</CombatSpellDefinition>
	
	<CombatSpellDefinition>
		<name>Miasmic rush</name>
		<id>21744</id>
		<baseMaxHit>17</baseMaxHit>
		<baseExperience>12</baseExperience>
		<animation>
			<id>10513</id>
			<delay>0</delay>
		</animation>
		<start>
			<id>1845</id>
			<delay>0</delay>
			<height>100</height>
		</start>
		<projectile>null</projectile>
		<end>
			<id>1846</id>
			<delay>0</delay>
			<height>100</height>
		</end>
		<level>61</level>
		<weapon>
			<int>13867</int>
			<int>13869</int>
		</weapon>
		<runes>
			<item>
				<id>562</id>
				<amount>2</amount>
			</item>
			<item>
				<id>557</id>
				<amount>1</amount>
			</item>
			<item>
				<id>566</id>
				<amount>1</amount>
			</item>
		</runes>
	</CombatSpellDefinition>
	
	<CombatSpellDefinition>
		<name>Miasmic burst</name>
		<id>22168</id>
		<baseMaxHit>22</baseMaxHit>
		<baseExperience>18</baseExperience>
		<animation>
			<id>10516</id>
			<delay>0</delay>
		</animation>
		<start>
			<id>1848</id>
			<delay>0</delay>
			<height>100</height>
		</start>
		<projectile>null</projectile>
		<end>
			<id>1849</id>
			<delay>0</delay>
			<height>100</height>
		</end>
		<level>73</level>
		<weapon>
			<int>13867</int>
			<int>13869</int>
		</weapon>
		<runes>
			<item>
				<id>562</id>
				<amount>4</amount>
			</item>
			<item>
				<id>557</id>
				<amount>2</amount>
			</item>
			<item>
				<id>566</id>
				<amount>2</amount>
			</item>
		</runes>
	</CombatSpellDefinition>
	
	<CombatSpellDefinition>
		<name>Miasmic blitz</name>
		<id>21745</id>
		<baseMaxHit>27</baseMaxHit>
		<baseExperience>25</baseExperience>
		<animation>
			<id>10524</id>
			<delay>0</delay>
		</animation>
		<start>
			<id>1850</id>
			<delay>0</delay>
			<height>100</height>
		</start>
		<projectile>null</projectile>
		<end>
			<id>1851</id>
			<delay>0</delay>
			<height>100</height>
		</end>
		<level>85</level>
		<weapon>
			<int>13867</int>
			<int>13869</int>
		</weapon>
		<runes>
			<item>
				<id>566</id>
				<amount>2</amount>
			</item>
			<item>
				<id>565</id>
				<amount>2</amount>
			</item>
			<item>
				<id>557</id>
				<amount>3</amount>
			</item>
		</runes>
	</CombatSpellDefinition>
</list>
