<list>

	<!-- Super combat potion -->
	<PotionDefinition>
		<id>12695</id>
		<name>Super combat potion (4)</name>
		<replaceId>12697</replaceId>
		<potionType>NORMAL</potionType>
	</PotionDefinition>
	<PotionDefinition>
		<id>12697</id>
		<name>Super combat potion (3)</name>
		<replaceId>12699</replaceId>
		<potionType>NORMAL</potionType>
	</PotionDefinition>
	<PotionDefinition>
		<id>12699</id>
		<name>Super combat potion (2)</name>
		<replaceId>12701</replaceId>
		<potionType>NORMAL</potionType>
	</PotionDefinition>	
	<PotionDefinition>
		<id>12701</id>
		<name>Super combat potion (1)</name>
		<replaceId>229</replaceId>
		<potionType>NORMAL</potionType>
	</PotionDefinition>		

	<!-- antifire -->
	<PotionDefinition>
		<id>2452</id>
		<replaceId>2454</replaceId>
		<potionType>ANTIFIRE</potionType>
	</PotionDefinition>
	<PotionDefinition>
		<id>2454</id>
		<replaceId>2456</replaceId>
		<potionType>ANTIFIRE</potionType>
	</PotionDefinition>
	<PotionDefinition>
		<id>2456</id>
		<replaceId>2458</replaceId>
		<potionType>ANTIFIRE</potionType>
	</PotionDefinition>
	<PotionDefinition>
		<id>2458</id>
		<potionType>ANTIFIRE</potionType>
	</PotionDefinition>
	

	<PotionDefinition>
		<id>113</id>
		<name>Strength potion (4)</name>
		<replaceId>115</replaceId>
		<potionType>NORMAL</potionType>
		<skillData>
			<skillData>
				<skillId>2</skillId>
				<add>3</add>
				<modifier>0.1</modifier>
			</skillData>
		</skillData>
	</PotionDefinition>
	<PotionDefinition>
		<id>115</id>
		<name>Strength potion (3)</name>
		<replaceId>117</replaceId>
		<potionType>NORMAL</potionType>
		<skillData>
			<skillData>
				<skillId>2</skillId>
				<add>3</add>
				<modifier>0.1</modifier>
			</skillData>
		</skillData>
	</PotionDefinition>
	<PotionDefinition>
		<id>117</id>
		<name>Strength potion (2)</name>
		<replaceId>119</replaceId>
		<potionType>NORMAL</potionType>
		<skillData>
			<skillData>
				<skillId>2</skillId>
				<add>3</add>
				<modifier>0.1</modifier>
			</skillData>
		</skillData>
	</PotionDefinition>
	<PotionDefinition>
		<id>119</id>
		<name>Strength potion (1)</name>
		<replaceId>229</replaceId>
		<potionType>NORMAL</potionType>
		<skillData>
			<skillData>
				<skillId>2</skillId>
				<add>3</add>
				<modifier>0.1</modifier>
			</skillData>
		</skillData>
	</PotionDefinition>
	<PotionDefinition>
		<id>121</id>
		<name>Attack potion (3)</name>
		<replaceId>123</replaceId>
		<potionType>NORMAL</potionType>
		<skillData>
			<skillData>
				<skillId>0</skillId>
				<add>3</add>
				<modifier>0.1</modifier>
			</skillData>
		</skillData>
	</PotionDefinition>
	<PotionDefinition>
		<id>123</id>
		<name>Attack potion (2)</name>
		<replaceId>125</replaceId>
		<potionType>NORMAL</potionType>
		<skillData>
			<skillData>
				<skillId>0</skillId>
				<add>3</add>
				<modifier>0.1</modifier>
			</skillData>
		</skillData>
	</PotionDefinition>
	<PotionDefinition>
		<id>125</id>
		<name>Attack potion (1)</name>
		<replaceId>229</replaceId>
		<potionType>NORMAL</potionType>
		<skillData>
			<skillData>
				<skillId>0</skillId>
				<add>3</add>
				<modifier>0.1</modifier>
			</skillData>
		</skillData>
	</PotionDefinition>
	<PotionDefinition>
		<id>127</id>
		<name>Restore potion (3)</name>
		<replaceId>129</replaceId>
		<potionType>RESTORE</potionType>
		<skillData>
			<skillData>
				<skillId>0</skillId>
				<add>10</add>
				<modifier>0.3</modifier>
			</skillData>
			<skillData>
				<skillId>2</skillId>
				<add>10</add>
				<modifier>0.3</modifier>
			</skillData>
			<skillData>
				<skillId>1</skillId>
				<add>10</add>
				<modifier>0.3</modifier>
			</skillData>
			<skillData>
				<skillId>6</skillId>
				<add>10</add>
				<modifier>0.3</modifier>
			</skillData>
			<skillData>
				<skillId>4</skillId>
				<add>10</add>
				<modifier>0.3</modifier>
			</skillData>
		</skillData>
	</PotionDefinition>
	<PotionDefinition>
		<id>129</id>
		<name>Restore potion (2)</name>
		<replaceId>131</replaceId>
		<potionType>RESTORE</potionType>
		<skillData>
			<skillData>
				<skillId>0</skillId>
				<add>10</add>
				<modifier>0.3</modifier>
			</skillData>
			<skillData>
				<skillId>2</skillId>
				<add>10</add>
				<modifier>0.3</modifier>
			</skillData>
			<skillData>
				<skillId>1</skillId>
				<add>10</add>
				<modifier>0.3</modifier>
			</skillData>
			<skillData>
				<skillId>6</skillId>
				<add>10</add>
				<modifier>0.3</modifier>
			</skillData>
			<skillData>
				<skillId>4</skillId>
				<add>10</add>
				<modifier>0.3</modifier>
			</skillData>
		</skillData>
	</PotionDefinition>
	<PotionDefinition>
		<id>131</id>
		<name>Restore potion (1)</name>
		<replaceId>229</replaceId>
		<potionType>RESTORE</potionType>
		<skillData>
			<skillData>
				<skillId>0</skillId>
				<add>10</add>
				<modifier>0.3</modifier>
			</skillData>
			<skillData>
				<skillId>2</skillId>
				<add>10</add>
				<modifier>0.3</modifier>
			</skillData>
			<skillData>
				<skillId>1</skillId>
				<add>10</add>
				<modifier>0.3</modifier>
			</skillData>
			<skillData>
				<skillId>6</skillId>
				<add>10</add>
				<modifier>0.3</modifier>
			</skillData>
			<skillData>
				<skillId>4</skillId>
				<add>10</add>
				<modifier>0.3</modifier>
			</skillData>
		</skillData>
	</PotionDefinition>
	<PotionDefinition>
		<id>133</id>
		<name>Defence potion (3)</name>
		<replaceId>135</replaceId>
		<potionType>NORMAL</potionType>
		<skillData>
			<skillData>
				<skillId>1</skillId>
				<add>3</add>
				<modifier>0.1</modifier>
			</skillData>
		</skillData>
	</PotionDefinition>
	<PotionDefinition>
		<id>135</id>
		<name>Defence potion (2)</name>
		<replaceId>137</replaceId>
		<potionType>NORMAL</potionType>
		<skillData>
			<skillData>
				<skillId>1</skillId>
				<add>3</add>
				<modifier>0.1</modifier>
			</skillData>
		</skillData>
	</PotionDefinition>
	<PotionDefinition>
		<id>137</id>
		<name>Defence potion (1)</name>
		<replaceId>229</replaceId>
		<potionType>NORMAL</potionType>
		<skillData>
			<skillData>
				<skillId>1</skillId>
				<add>3</add>
				<modifier>0.1</modifier>
			</skillData>
		</skillData>
	</PotionDefinition>
	<PotionDefinition>
		<id>139</id>
		<name>Prayer potion (3)</name>
		<replaceId>141</replaceId>
		<potionType>RESTORE</potionType>
		<skillData>
			<skillData>
				<skillId>5</skillId>
				<add>7</add>
				<modifier>0.25</modifier>
			</skillData>
		</skillData>
	</PotionDefinition>
	<PotionDefinition>
		<id>141</id>
		<name>Prayer potion (2)</name>
		<replaceId>143</replaceId>
		<potionType>RESTORE</potionType>
		<skillData>
			<skillData>
				<skillId>5</skillId>
				<add>7</add>
				<modifier>0.25</modifier>
			</skillData>
		</skillData>
	</PotionDefinition>
	<PotionDefinition>
		<id>143</id>
		<name>Prayer potion (1)</name>
		<replaceId>229</replaceId>
		<potionType>RESTORE</potionType>
		<skillData>
			<skillData>
				<skillId>5</skillId>
				<add>7</add>
				<modifier>0.25</modifier>
			</skillData>
		</skillData>
	</PotionDefinition>
	<PotionDefinition>
		<id>145</id>
		<name>Super attack (3)</name>
		<replaceId>147</replaceId>
		<potionType>NORMAL</potionType>
		<skillData>
			<skillData>
				<skillId>0</skillId>
				<add>5</add>
				<modifier>0.15</modifier>
			</skillData>
		</skillData>
	</PotionDefinition>
	<PotionDefinition>
		<id>147</id>
		<name>Super attack (2)</name>
		<replaceId>149</replaceId>
		<potionType>NORMAL</potionType>
		<skillData>
			<skillData>
				<skillId>0</skillId>
				<add>5</add>
				<modifier>0.15</modifier>
			</skillData>
		</skillData>
	</PotionDefinition>
	<PotionDefinition>
		<id>149</id>
		<name>Super attack (1)</name>
		<replaceId>229</replaceId>
		<potionType>NORMAL</potionType>
		<skillData>
			<skillData>
				<skillId>0</skillId>
				<add>5</add>
				<modifier>0.15</modifier>
			</skillData>
		</skillData>
	</PotionDefinition>
	<PotionDefinition>
		<id>151</id>
		<name>Fishing potion (3)</name>
		<replaceId>153</replaceId>
		<potionType>NORMAL</potionType>
		<skillData>
			<skillData>
				<skillId>10</skillId>
				<add>3</add>
				<modifier>0.0</modifier>
			</skillData>
		</skillData>
	</PotionDefinition>
	<PotionDefinition>
		<id>153</id>
		<name>Fishing potion (2)</name>
		<replaceId>155</replaceId>
		<potionType>NORMAL</potionType>
		<skillData>
			<skillData>
				<skillId>10</skillId>
				<add>3</add>
				<modifier>0.0</modifier>
			</skillData>
		</skillData>
	</PotionDefinition>
	<PotionDefinition>
		<id>155</id>
		<name>Fishing potion (1)</name>
		<replaceId>229</replaceId>
		<potionType>NORMAL</potionType>
		<skillData>
			<skillData>
				<skillId>10</skillId>
				<add>3</add>
				<modifier>0.0</modifier>
			</skillData>
		</skillData>
	</PotionDefinition>
	<PotionDefinition>
		<id>157</id>
		<name>Super strength (3)</name>
		<replaceId>159</replaceId>
		<potionType>NORMAL</potionType>
		<skillData>
			<skillData>
				<skillId>2</skillId>
				<add>5</add>
				<modifier>0.15</modifier>
			</skillData>
		</skillData>
	</PotionDefinition>
	<PotionDefinition>
		<id>159</id>
		<name>Super strength (2)</name>
		<replaceId>161</replaceId>
		<potionType>NORMAL</potionType>
		<skillData>
			<skillData>
				<skillId>2</skillId>
				<add>5</add>
				<modifier>0.15</modifier>
			</skillData>
		</skillData>
	</PotionDefinition>
	<PotionDefinition>
		<id>161</id>
		<name>Super strength (1)</name>
		<replaceId>229</replaceId>
		<potionType>NORMAL</potionType>
		<skillData>
			<skillData>
				<skillId>2</skillId>
				<add>5</add>
				<modifier>0.15</modifier>
			</skillData>
		</skillData>
	</PotionDefinition>
	<PotionDefinition>
		<id>169</id>
		<name>Ranging potion (3)</name>
		<replaceId>171</replaceId>
		<potionType>NORMAL</potionType>
		<skillData>
			<skillData>
				<skillId>4</skillId>
				<add>4</add>
				<modifier>0.1</modifier>
			</skillData>
		</skillData>
	</PotionDefinition>
	<PotionDefinition>
		<id>171</id>
		<name>Ranging potion (2)</name>
		<replaceId>173</replaceId>
		<potionType>NORMAL</potionType>
		<skillData>
			<skillData>
				<skillId>4</skillId>
				<add>4</add>
				<modifier>0.1</modifier>
			</skillData>
		</skillData>
	</PotionDefinition>
	<PotionDefinition>
		<id>173</id>
		<name>Ranging potion (1)</name>
		<replaceId>229</replaceId>
		<potionType>NORMAL</potionType>
		<skillData>
			<skillData>
				<skillId>4</skillId>
				<add>4</add>
				<modifier>0.1</modifier>
			</skillData>
		</skillData>
	</PotionDefinition>
	<PotionDefinition>
		<id>189</id>
		<name>Zamorak brew (3)</name>
		<replaceId>191</replaceId>
		<potionType>NORMAL</potionType>
		<skillData>
			<skillData>
				<skillId>2</skillId>
				<add>2</add>
				<modifier>0.12</modifier>
			</skillData>
			<skillData>
				<skillId>0</skillId>
				<add>2</add>
				<modifier>0.2</modifier>
			</skillData>
			<skillData>
				<skillId>5</skillId>
				<add>9</add>
				<modifier>0.0</modifier>
			</skillData>
			<skillData>
				<skillId>1</skillId>
				<add>-2</add>
				<modifier>-0.1</modifier>
			</skillData>
			<skillData>
				<skillId>3</skillId>
				<add>0</add>
				<modifier>-0.12</modifier>
			</skillData>
		</skillData>
	</PotionDefinition>
	<PotionDefinition>
		<id>191</id>
		<name>Zamorak brew (2)</name>
		<replaceId>193</replaceId>
		<potionType>NORMAL</potionType>
		<skillData>
			<skillData>
				<skillId>2</skillId>
				<add>2</add>
				<modifier>0.12</modifier>
			</skillData>
			<skillData>
				<skillId>0</skillId>
				<add>2</add>
				<modifier>0.2</modifier>
			</skillData>
			<skillData>
				<skillId>5</skillId>
				<add>9</add>
				<modifier>0.0</modifier>
			</skillData>
			<skillData>
				<skillId>1</skillId>
				<add>-2</add>
				<modifier>-0.1</modifier>
			</skillData>
			<skillData>
				<skillId>3</skillId>
				<add>0</add>
				<modifier>-0.12</modifier>
			</skillData>
		</skillData>
	</PotionDefinition>
	<PotionDefinition>
		<id>193</id>
		<name>Zamorak brew (1)</name>
		<replaceId>229</replaceId>
		<potionType>NORMAL</potionType>
		<skillData>
			<skillData>
				<skillId>2</skillId>
				<add>2</add>
				<modifier>0.12</modifier>
			</skillData>
			<skillData>
				<skillId>0</skillId>
				<add>2</add>
				<modifier>0.2</modifier>
			</skillData>
			<skillData>
				<skillId>5</skillId>
				<add>9</add>
				<modifier>0.0</modifier>
			</skillData>
			<skillData>
				<skillId>1</skillId>
				<add>-2</add>
				<modifier>-0.1</modifier>
			</skillData>
			<skillData>
				<skillId>3</skillId>
				<add>0</add>
				<modifier>-0.12</modifier>
			</skillData>
		</skillData>
	</PotionDefinition>
	<PotionDefinition>
		<id>2428</id>
		<name>Attack potion (4)</name>
		<replaceId>121</replaceId>
		<potionType>NORMAL</potionType>
		<skillData>
			<skillData>
				<skillId>0</skillId>
				<add>3</add>
				<modifier>0.1</modifier>
			</skillData>
		</skillData>
	</PotionDefinition>
	<PotionDefinition>
		<id>2430</id>
		<name>Restore potion (4)</name>
		<replaceId>127</replaceId>
		<potionType>RESTORE</potionType>
		<skillData>
			<skillData>
				<skillId>0</skillId>
				<add>10</add>
				<modifier>0.3</modifier>
			</skillData>
			<skillData>
				<skillId>2</skillId>
				<add>10</add>
				<modifier>0.3</modifier>
			</skillData>
			<skillData>
				<skillId>1</skillId>
				<add>10</add>
				<modifier>0.3</modifier>
			</skillData>
			<skillData>
				<skillId>6</skillId>
				<add>10</add>
				<modifier>0.3</modifier>
			</skillData>
			<skillData>
				<skillId>4</skillId>
				<add>10</add>
				<modifier>0.3</modifier>
			</skillData>
		</skillData>
	</PotionDefinition>
	<PotionDefinition>
		<id>2432</id>
		<name>Defence potion (4)</name>
		<replaceId>133</replaceId>
		<potionType>NORMAL</potionType>
		<skillData>
			<skillData>
				<skillId>1</skillId>
				<add>3</add>
				<modifier>0.1</modifier>
			</skillData>
		</skillData>
	</PotionDefinition>
	<PotionDefinition>
		<id>2434</id>
		<name>Prayer potion (4)</name>
		<replaceId>139</replaceId>
		<potionType>RESTORE</potionType>
		<skillData>
			<skillData>
				<skillId>5</skillId>
				<add>7</add>
				<modifier>0.25</modifier>
			</skillData>
		</skillData>
	</PotionDefinition>
	<PotionDefinition>
		<id>2436</id>
		<name>Super attack (4)</name>
		<replaceId>145</replaceId>
		<potionType>NORMAL</potionType>
		<skillData>
			<skillData>
				<skillId>0</skillId>
				<add>5</add>
				<modifier>0.15</modifier>
			</skillData>
		</skillData>
	</PotionDefinition>
	<PotionDefinition>
		<id>2438</id>
		<name>Fishing potion (4)</name>
		<replaceId>151</replaceId>
		<potionType>NORMAL</potionType>
		<skillData>
			<skillData>
				<skillId>10</skillId>
				<add>3</add>
				<modifier>0.0</modifier>
			</skillData>
		</skillData>
	</PotionDefinition>
	<PotionDefinition>
		<id>2440</id>
		<name>Super strength (4)</name>
		<replaceId>157</replaceId>
		<potionType>NORMAL</potionType>
		<skillData>
			<skillData>
				<skillId>2</skillId>
				<add>5</add>
				<modifier>0.15</modifier>
			</skillData>
		</skillData>
	</PotionDefinition>
	<PotionDefinition>
		<id>2444</id>
		<name>Ranging potion (4)</name>
		<replaceId>169</replaceId>
		<potionType>NORMAL</potionType>
		<skillData>
			<skillData>
				<skillId>4</skillId>
				<add>4</add>
				<modifier>0.1</modifier>
			</skillData>
		</skillData>
	</PotionDefinition>
	<PotionDefinition>
		<id>2450</id>
		<name>Zamorak brew (4)</name>
		<replaceId>189</replaceId>
		<potionType>NORMAL</potionType>
		<skillData>
			<skillData>
				<skillId>2</skillId>
				<add>2</add>
				<modifier>0.12</modifier>
			</skillData>
			<skillData>
				<skillId>0</skillId>
				<add>2</add>
				<modifier>0.2</modifier>
			</skillData>
			<skillData>
				<skillId>5</skillId>
				<add>9</add>
				<modifier>0.0</modifier>
			</skillData>
			<skillData>
				<skillId>1</skillId>
				<add>-2</add>
				<modifier>-0.1</modifier>
			</skillData>
			<skillData>
				<skillId>3</skillId>
				<add>0</add>
				<modifier>-0.12</modifier>
			</skillData>
		</skillData>
	</PotionDefinition>
	<PotionDefinition>
		<id>3024</id>
		<name>Super restore (4)</name>
		<replaceId>3026</replaceId>
		<potionType>RESTORE</potionType>
		<skillData>
			<skillData>
				<skillId>0</skillId>
				<add>8</add>
				<modifier>0.25</modifier>
			</skillData>
			<skillData>
				<skillId>1</skillId>
				<add>8</add>
				<modifier>0.25</modifier>
			</skillData>
			<skillData>
				<skillId>2</skillId>
				<add>8</add>
				<modifier>0.25</modifier>
			</skillData>
			<skillData>
				<skillId>4</skillId>
				<add>8</add>
				<modifier>0.25</modifier>
			</skillData>
			<skillData>
				<skillId>5</skillId>
				<add>8</add>
				<modifier>0.33</modifier>
			</skillData>
			<skillData>
				<skillId>21</skillId>
				<add>8</add>
				<modifier>0.33</modifier>
			</skillData>
			<skillData>
				<skillId>6</skillId>
				<add>8</add>
				<modifier>0.25</modifier>
			</skillData>
			<skillData>
				<skillId>7</skillId>
				<add>8</add>
				<modifier>0.25</modifier>
			</skillData>
			<skillData>
				<skillId>8</skillId>
				<add>8</add>
				<modifier>0.25</modifier>
			</skillData>
			<skillData>
				<skillId>9</skillId>
				<add>8</add>
				<modifier>0.25</modifier>
			</skillData>
			<skillData>
				<skillId>10</skillId>
				<add>8</add>
				<modifier>0.25</modifier>
			</skillData>
			<skillData>
				<skillId>11</skillId>
				<add>8</add>
				<modifier>0.25</modifier>
			</skillData>
			<skillData>
				<skillId>12</skillId>
				<add>8</add>
				<modifier>0.25</modifier>
			</skillData>
			<skillData>
				<skillId>13</skillId>
				<add>8</add>
				<modifier>0.25</modifier>
			</skillData>
			<skillData>
				<skillId>14</skillId>
				<add>8</add>
				<modifier>0.25</modifier>
			</skillData>
			<skillData>
				<skillId>15</skillId>
				<add>8</add>
				<modifier>0.25</modifier>
			</skillData>
			<skillData>
				<skillId>16</skillId>
				<add>8</add>
				<modifier>0.25</modifier>
			</skillData>
			<skillData>
				<skillId>17</skillId>
				<add>8</add>
				<modifier>0.25</modifier>
			</skillData>
			<skillData>
				<skillId>18</skillId>
				<add>8</add>
				<modifier>0.25</modifier>
			</skillData>
			<skillData>
				<skillId>19</skillId>
				<add>8</add>
				<modifier>0.25</modifier>
			</skillData>
			<skillData>
				<skillId>20</skillId>
				<add>8</add>
				<modifier>0.25</modifier>
			</skillData>
		</skillData>
	</PotionDefinition>
	<PotionDefinition>
		<id>3026</id>
		<name>Super restore (3)</name>
		<replaceId>3028</replaceId>
		<potionType>RESTORE</potionType>
		<skillData>
			<skillData>
				<skillId>21</skillId>
				<add>8</add>
				<modifier>0.33</modifier>
			</skillData>
			<skillData>
				<skillId>0</skillId>
				<add>8</add>
				<modifier>0.25</modifier>
			</skillData>
			<skillData>
				<skillId>1</skillId>
				<add>8</add>
				<modifier>0.25</modifier>
			</skillData>
			<skillData>
				<skillId>2</skillId>
				<add>8</add>
				<modifier>0.25</modifier>
			</skillData>
			<skillData>
				<skillId>4</skillId>
				<add>8</add>
				<modifier>0.25</modifier>
			</skillData>
			<skillData>
				<skillId>5</skillId>
				<add>8</add>
				<modifier>0.33</modifier>
			</skillData>
			<skillData>
				<skillId>6</skillId>
				<add>8</add>
				<modifier>0.25</modifier>
			</skillData>
			<skillData>
				<skillId>7</skillId>
				<add>8</add>
				<modifier>0.25</modifier>
			</skillData>
			<skillData>
				<skillId>8</skillId>
				<add>8</add>
				<modifier>0.25</modifier>
			</skillData>
			<skillData>
				<skillId>9</skillId>
				<add>8</add>
				<modifier>0.25</modifier>
			</skillData>
			<skillData>
				<skillId>10</skillId>
				<add>8</add>
				<modifier>0.25</modifier>
			</skillData>
			<skillData>
				<skillId>11</skillId>
				<add>8</add>
				<modifier>0.25</modifier>
			</skillData>
			<skillData>
				<skillId>12</skillId>
				<add>8</add>
				<modifier>0.25</modifier>
			</skillData>
			<skillData>
				<skillId>13</skillId>
				<add>8</add>
				<modifier>0.25</modifier>
			</skillData>
			<skillData>
				<skillId>14</skillId>
				<add>8</add>
				<modifier>0.25</modifier>
			</skillData>
			<skillData>
				<skillId>15</skillId>
				<add>8</add>
				<modifier>0.25</modifier>
			</skillData>
			<skillData>
				<skillId>16</skillId>
				<add>8</add>
				<modifier>0.25</modifier>
			</skillData>
			<skillData>
				<skillId>17</skillId>
				<add>8</add>
				<modifier>0.25</modifier>
			</skillData>
			<skillData>
				<skillId>18</skillId>
				<add>8</add>
				<modifier>0.25</modifier>
			</skillData>
			<skillData>
				<skillId>19</skillId>
				<add>8</add>
				<modifier>0.25</modifier>
			</skillData>
			<skillData>
				<skillId>20</skillId>
				<add>8</add>
				<modifier>0.25</modifier>
			</skillData>
		</skillData>
	</PotionDefinition>
	<PotionDefinition>
		<id>3028</id>
		<name>Super restore (2)</name>
		<replaceId>3030</replaceId>
		<potionType>RESTORE</potionType>
		<skillData>
			<skillData>
				<skillId>21</skillId>
				<add>8</add>
				<modifier>0.33</modifier>
			</skillData>
			<skillData>
				<skillId>0</skillId>
				<add>8</add>
				<modifier>0.25</modifier>
			</skillData>
			<skillData>
				<skillId>1</skillId>
				<add>8</add>
				<modifier>0.25</modifier>
			</skillData>
			<skillData>
				<skillId>2</skillId>
				<add>8</add>
				<modifier>0.25</modifier>
			</skillData>
			<skillData>
				<skillId>4</skillId>
				<add>8</add>
				<modifier>0.25</modifier>
			</skillData>
			<skillData>
				<skillId>5</skillId>
				<add>8</add>
				<modifier>0.33</modifier>
			</skillData>
			<skillData>
				<skillId>6</skillId>
				<add>8</add>
				<modifier>0.25</modifier>
			</skillData>
			<skillData>
				<skillId>7</skillId>
				<add>8</add>
				<modifier>0.25</modifier>
			</skillData>
			<skillData>
				<skillId>8</skillId>
				<add>8</add>
				<modifier>0.25</modifier>
			</skillData>
			<skillData>
				<skillId>9</skillId>
				<add>8</add>
				<modifier>0.25</modifier>
			</skillData>
			<skillData>
				<skillId>10</skillId>
				<add>8</add>
				<modifier>0.25</modifier>
			</skillData>
			<skillData>
				<skillId>11</skillId>
				<add>8</add>
				<modifier>0.25</modifier>
			</skillData>
			<skillData>
				<skillId>12</skillId>
				<add>8</add>
				<modifier>0.25</modifier>
			</skillData>
			<skillData>
				<skillId>13</skillId>
				<add>8</add>
				<modifier>0.25</modifier>
			</skillData>
			<skillData>
				<skillId>14</skillId>
				<add>8</add>
				<modifier>0.25</modifier>
			</skillData>
			<skillData>
				<skillId>15</skillId>
				<add>8</add>
				<modifier>0.25</modifier>
			</skillData>
			<skillData>
				<skillId>16</skillId>
				<add>8</add>
				<modifier>0.25</modifier>
			</skillData>
			<skillData>
				<skillId>17</skillId>
				<add>8</add>
				<modifier>0.25</modifier>
			</skillData>
			<skillData>
				<skillId>18</skillId>
				<add>8</add>
				<modifier>0.25</modifier>
			</skillData>
			<skillData>
				<skillId>19</skillId>
				<add>8</add>
				<modifier>0.25</modifier>
			</skillData>
			<skillData>
				<skillId>20</skillId>
				<add>8</add>
				<modifier>0.25</modifier>
			</skillData>
		</skillData>
	</PotionDefinition>
	<PotionDefinition>
		<id>3030</id>
		<name>Super restore (1)</name>
		<replaceId>229</replaceId>
		<potionType>RESTORE</potionType>
		<skillData>
			<skillData>
				<skillId>21</skillId>
				<add>8</add>
				<modifier>0.33</modifier>
			</skillData>
			<skillData>
				<skillId>0</skillId>
				<add>8</add>
				<modifier>0.25</modifier>
			</skillData>
			<skillData>
				<skillId>1</skillId>
				<add>8</add>
				<modifier>0.25</modifier>
			</skillData>
			<skillData>
				<skillId>2</skillId>
				<add>8</add>
				<modifier>0.25</modifier>
			</skillData>
			<skillData>
				<skillId>4</skillId>
				<add>8</add>
				<modifier>0.25</modifier>
			</skillData>
			<skillData>
				<skillId>5</skillId>
				<add>8</add>
				<modifier>0.33</modifier>
			</skillData>
			<skillData>
				<skillId>6</skillId>
				<add>8</add>
				<modifier>0.25</modifier>
			</skillData>
			<skillData>
				<skillId>7</skillId>
				<add>8</add>
				<modifier>0.25</modifier>
			</skillData>
			<skillData>
				<skillId>8</skillId>
				<add>8</add>
				<modifier>0.25</modifier>
			</skillData>
			<skillData>
				<skillId>9</skillId>
				<add>8</add>
				<modifier>0.25</modifier>
			</skillData>
			<skillData>
				<skillId>10</skillId>
				<add>8</add>
				<modifier>0.25</modifier>
			</skillData>
			<skillData>
				<skillId>11</skillId>
				<add>8</add>
				<modifier>0.25</modifier>
			</skillData>
			<skillData>
				<skillId>12</skillId>
				<add>8</add>
				<modifier>0.25</modifier>
			</skillData>
			<skillData>
				<skillId>13</skillId>
				<add>8</add>
				<modifier>0.25</modifier>
			</skillData>
			<skillData>
				<skillId>14</skillId>
				<add>8</add>
				<modifier>0.25</modifier>
			</skillData>
			<skillData>
				<skillId>15</skillId>
				<add>8</add>
				<modifier>0.25</modifier>
			</skillData>
			<skillData>
				<skillId>16</skillId>
				<add>8</add>
				<modifier>0.25</modifier>
			</skillData>
			<skillData>
				<skillId>17</skillId>
				<add>8</add>
				<modifier>0.25</modifier>
			</skillData>
			<skillData>
				<skillId>18</skillId>
				<add>8</add>
				<modifier>0.25</modifier>
			</skillData>
			<skillData>
				<skillId>19</skillId>
				<add>8</add>
				<modifier>0.25</modifier>
			</skillData>
			<skillData>
				<skillId>20</skillId>
				<add>8</add>
				<modifier>0.25</modifier>
			</skillData>
		</skillData>
	</PotionDefinition>
	<PotionDefinition>
		<id>3032</id>
		<name>Agility potion (4)</name>
		<replaceId>3034</replaceId>
		<potionType>NORMAL</potionType>
		<skillData>
			<skillData>
				<skillId>16</skillId>
				<add>3</add>
				<modifier>0.0</modifier>
			</skillData>
		</skillData>
	</PotionDefinition>
	<PotionDefinition>
		<id>3034</id>
		<name>Agility potion (3)</name>
		<replaceId>3036</replaceId>
		<potionType>NORMAL</potionType>
		<skillData>
			<skillData>
				<skillId>16</skillId>
				<add>3</add>
				<modifier>0.0</modifier>
			</skillData>
		</skillData>
	</PotionDefinition>
	<PotionDefinition>
		<id>3036</id>
		<name>Agility potion (2)</name>
		<replaceId>3038</replaceId>
		<potionType>NORMAL</potionType>
		<skillData>
			<skillData>
				<skillId>16</skillId>
				<add>3</add>
				<modifier>0.0</modifier>
			</skillData>
		</skillData>
	</PotionDefinition>
	<PotionDefinition>
		<id>3038</id>
		<name>Agility potion (1)</name>
		<replaceId>229</replaceId>
		<potionType>NORMAL</potionType>
		<skillData>
			<skillData>
				<skillId>16</skillId>
				<add>3</add>
				<modifier>0.0</modifier>
			</skillData>
		</skillData>
	</PotionDefinition>
	<PotionDefinition>
		<id>3040</id>
		<name>Magic potion (4)</name>
		<replaceId>3042</replaceId>
		<potionType>NORMAL</potionType>
		<skillData>
			<skillData>
				<skillId>6</skillId>
				<add>5</add>
				<modifier>0.0</modifier>
			</skillData>
		</skillData>
	</PotionDefinition>
	<PotionDefinition>
		<id>3042</id>
		<name>Magic potion (3)</name>
		<replaceId>3044</replaceId>
		<potionType>NORMAL</potionType>
		<skillData>
			<skillData>
				<skillId>6</skillId>
				<add>5</add>
				<modifier>0.0</modifier>
			</skillData>
		</skillData>
	</PotionDefinition>
	<PotionDefinition>
		<id>3044</id>
		<name>Magic potion (2)</name>
		<replaceId>3046</replaceId>
		<potionType>NORMAL</potionType>
		<skillData>
			<skillData>
				<skillId>6</skillId>
				<add>5</add>
				<modifier>0.0</modifier>
			</skillData>
		</skillData>
	</PotionDefinition>
	<PotionDefinition>
		<id>3046</id>
		<name>Magic potion (1)</name>
		<replaceId>229</replaceId>
		<potionType>NORMAL</potionType>
		<skillData>
			<skillData>
				<skillId>6</skillId>
				<add>5</add>
				<modifier>0.0</modifier>
			</skillData>
		</skillData>
	</PotionDefinition>
	<PotionDefinition>
		<id>6685</id>
		<name>Saradomin brew (4)</name>
		<replaceId>6687</replaceId>
		<potionType>NORMAL</potionType>
		<skillData>
			<skillData>
				<skillId>3</skillId>
				<add>2</add>
				<modifier>0.15</modifier>
			</skillData>
			<skillData>
				<skillId>1</skillId>
				<add>0</add>
				<modifier>0.25</modifier>
			</skillData>
			<skillData>
				<skillId>2</skillId>
				<add>0</add>
				<modifier>-0.1</modifier>
			</skillData>
			<skillData>
				<skillId>0</skillId>
				<add>0</add>
				<modifier>-0.1</modifier>
			</skillData>
			<skillData>
				<skillId>6</skillId>
				<add>0</add>
				<modifier>-0.1</modifier>
			</skillData>
			<skillData>
				<skillId>4</skillId>
				<add>0</add>
				<modifier>-0.1</modifier>
			</skillData>
		</skillData>
	</PotionDefinition>
	<PotionDefinition>
		<id>6687</id>
		<name>Saradomin brew (3)</name>
		<replaceId>6689</replaceId>
		<potionType>NORMAL</potionType>
		<skillData>
			<skillData>
				<skillId>3</skillId>
				<add>2</add>
				<modifier>0.15</modifier>
			</skillData>
			<skillData>
				<skillId>1</skillId>
				<add>0</add>
				<modifier>0.25</modifier>
			</skillData>
			<skillData>
				<skillId>2</skillId>
				<add>0</add>
				<modifier>-0.1</modifier>
			</skillData>
			<skillData>
				<skillId>0</skillId>
				<add>0</add>
				<modifier>-0.1</modifier>
			</skillData>
			<skillData>
				<skillId>6</skillId>
				<add>0</add>
				<modifier>-0.1</modifier>
			</skillData>
			<skillData>
				<skillId>4</skillId>
				<add>0</add>
				<modifier>-0.1</modifier>
			</skillData>
		</skillData>
	</PotionDefinition>
	<PotionDefinition>
		<id>6689</id>
		<name>Saradomin brew (2)</name>
		<replaceId>6691</replaceId>
		<potionType>NORMAL</potionType>
		<skillData>
			<skillData>
				<skillId>3</skillId>
				<add>2</add>
				<modifier>0.15</modifier>
			</skillData>
			<skillData>
				<skillId>1</skillId>
				<add>0</add>
				<modifier>0.25</modifier>
			</skillData>
			<skillData>
				<skillId>2</skillId>
				<add>0</add>
				<modifier>-0.1</modifier>
			</skillData>
			<skillData>
				<skillId>0</skillId>
				<add>0</add>
				<modifier>-0.1</modifier>
			</skillData>
			<skillData>
				<skillId>6</skillId>
				<add>0</add>
				<modifier>-0.1</modifier>
			</skillData>
			<skillData>
				<skillId>4</skillId>
				<add>0</add>
				<modifier>-0.1</modifier>
			</skillData>
		</skillData>
	</PotionDefinition>
	<PotionDefinition>
		<id>6691</id>
		<name>Saradomin brew (1)</name>
		<replaceId>229</replaceId>
		<potionType>NORMAL</potionType>
		<skillData>
			<skillData>
				<skillId>3</skillId>
				<add>2</add>
				<modifier>0.15</modifier>
			</skillData>
			<skillData>
				<skillId>1</skillId>
				<add>0</add>
				<modifier>0.25</modifier>
			</skillData>
			<skillData>
				<skillId>2</skillId>
				<add>0</add>
				<modifier>-0.1</modifier>
			</skillData>
			<skillData>
				<skillId>0</skillId>
				<add>0</add>
				<modifier>-0.1</modifier>
			</skillData>
			<skillData>
				<skillId>6</skillId>
				<add>0</add>
				<modifier>-0.1</modifier>
			</skillData>
			<skillData>
				<skillId>4</skillId>
				<add>0</add>
				<modifier>-0.1</modifier>
			</skillData>
		</skillData>
	</PotionDefinition>
	<PotionDefinition>
		<id>3008</id>
		<name>Energy potion (4)</name>
		<replaceId>3010</replaceId>
		<potionType>NORMAL</potionType>
		<skillData>null</skillData>
	</PotionDefinition>
	<PotionDefinition>
		<id>3010</id>
		<name>Energy potion (3)</name>
		<replaceId>3012</replaceId>
		<potionType>NORMAL</potionType>
		<skillData>null</skillData>
	</PotionDefinition>
	<PotionDefinition>
		<id>3012</id>
		<name>Energy potion (2)</name>
		<replaceId>3014</replaceId>
		<potionType>NORMAL</potionType>
		<skillData>null</skillData>
	</PotionDefinition>
	<PotionDefinition>
		<id>3014</id>
		<name>Energy potion (1)</name>
		<replaceId>229</replaceId>
		<potionType>NORMAL</potionType>
		<skillData>null</skillData>
	</PotionDefinition>
	<PotionDefinition>
		<id>2446</id>
		<name>Antipoison (4)</name>
		<replaceId>175</replaceId>
		<potionType>NORMAL</potionType>
		<skillData>null</skillData>
	</PotionDefinition>
	<PotionDefinition>
		<id>175</id>
		<name>Antipoison (3)</name>
		<replaceId>177</replaceId>
		<potionType>NORMAL</potionType>
		<skillData>null</skillData>
	</PotionDefinition>
	<PotionDefinition>
		<id>177</id>
		<name>Antipoison (2)</name>
		<replaceId>179</replaceId>
		<potionType>NORMAL</potionType>
		<skillData>null</skillData>
	</PotionDefinition>
	<PotionDefinition>
		<id>179</id>
		<name>Antipoison (1)</name>
		<replaceId>229</replaceId>
		<potionType>NORMAL</potionType>
		<skillData>null</skillData>
	</PotionDefinition>
	<PotionDefinition>
		<id>2442</id>
		<name>Super defence (4)</name>
		<replaceId>163</replaceId>
		<potionType>NORMAL</potionType>
		<skillData>
		<skillData>
				<skillId>1</skillId>
				<add>5</add>
				<modifier>0.15</modifier>
			</skillData>
		</skillData>
	</PotionDefinition>
	<PotionDefinition>
		<id>163</id>
		<name>Super defence (3)</name>
		<replaceId>165</replaceId>
		<potionType>NORMAL</potionType>
		<skillData>
		<skillData>
				<skillId>1</skillId>
				<add>5</add>
				<modifier>0.15</modifier>
			</skillData>
		</skillData>
	</PotionDefinition>
	<PotionDefinition>
		<id>165</id>
		<name>Super defence (2)</name>
		<replaceId>167</replaceId>
		<potionType>NORMAL</potionType>
		<skillData>
		<skillData>
				<skillId>1</skillId>
				<add>5</add>
				<modifier>0.15</modifier>
			</skillData>
		</skillData>
	</PotionDefinition>
	<PotionDefinition>
		<id>167</id>
		<name>Super defence (1)</name>
		<replaceId>229</replaceId>
		<potionType>NORMAL</potionType>
		<skillData>
		<skillData>
				<skillId>1</skillId>
				<add>5</add>
				<modifier>0.15</modifier>
			</skillData>
		</skillData>
	</PotionDefinition>

</list>