<list>
	<SpecialAttackDefinition>
		<id>1377</id>
		<barId1>7499</barId1>
		<barId2>7511</barId2>
		<button>29124</button>
		<amount>10.0</amount>
	</SpecialAttackDefinition>
	<SpecialAttackDefinition>
		<id>11235</id>
		<barId1>7549</barId1>
		<barId2>7561</barId2>
		<button>29124</button>
		<amount>5.5</amount>
	</SpecialAttackDefinition>
	<SpecialAttackDefinition>
		<id>12765</id>
		<barId1>7549</barId1>
		<barId2>7561</barId2>
		<button>29124</button>
		<amount>5.5</amount>
	</SpecialAttackDefinition>	
	<SpecialAttackDefinition>
		<id>12766</id>
		<barId1>7549</barId1>
		<barId2>7561</barId2>
		<button>29124</button>
		<amount>5.5</amount>
	</SpecialAttackDefinition>	
	<SpecialAttackDefinition>
		<id>12767</id>
		<barId1>7549</barId1>
		<barId2>7561</barId2>
		<button>29124</button>
		<amount>5.5</amount>
	</SpecialAttackDefinition>	
	<SpecialAttackDefinition>
		<id>12768</id>
		<barId1>7549</barId1>
		<barId2>7561</barId2>
		<button>29124</button>
		<amount>5.5</amount>
	</SpecialAttackDefinition>	
	<SpecialAttackDefinition>
		<id>20074</id>
		<barId1>7574</barId1>
		<barId2>7586</barId2>
		<button>29138</button>
		<amount>10.0</amount>
	</SpecialAttackDefinition>
    <SpecialAttackDefinition>
		<id>20076</id>
		<barId1>7574</barId1>
		<barId2>7586</barId2>
		<button>29138</button>
		<amount>10.0</amount>
	</SpecialAttackDefinition>
	<SpecialAttackDefinition>
		<id>15486</id>
		<barId1>7574</barId1>
		<barId2>7586</barId2>
		<button>29138</button>
		<amount>10.0</amount>
	</SpecialAttackDefinition>
	<SpecialAttackDefinition>
		<id>11802</id>
		<barId1>7574</barId1>
		<barId2>7586</barId2>
		<button>29138</button>
		<amount>5.0</amount>
	</SpecialAttackDefinition>
	<SpecialAttackDefinition>
		<id>11838</id>
		<barId1>7574</barId1>
		<barId2>7586</barId2>
		<button>29138</button>
		<amount>5.0</amount>
	</SpecialAttackDefinition>
	<SpecialAttackDefinition>
		<id>12809</id>
		<barId1>7574</barId1>
		<barId2>7586</barId2>
		<button>29138</button>
		<amount>5.0</amount>
	</SpecialAttackDefinition>	
	<SpecialAttackDefinition>
		<id>11804</id>
		<barId1>7574</barId1>
		<barId2>7586</barId2>
		<button>29138</button>
		<amount>6.5</amount>
	</SpecialAttackDefinition>
	<SpecialAttackDefinition>
		<id>11806</id>
		<barId1>7574</barId1>
		<barId2>7586</barId2>
		<button>29138</button>
		<amount>5.0</amount>
	</SpecialAttackDefinition>
	<SpecialAttackDefinition>
		<id>11808</id>
		<barId1>7574</barId1>
		<barId2>7586</barId2>
		<button>29138</button>
		<amount>6.0</amount>
	</SpecialAttackDefinition>
	<SpecialAttackDefinition>
		<id>4151</id>
		<barId1>12323</barId1>
		<barId2>12335</barId2>
		<button>48034</button>
		<amount>5.0</amount>
	</SpecialAttackDefinition>
	<SpecialAttackDefinition>
		<id>12006</id>
		<barId1>12323</barId1>
		<barId2>12335</barId2>
		<button>48034</button>
		<amount>5.0</amount>
	</SpecialAttackDefinition>	
	<SpecialAttackDefinition>
		<id>4178</id>
		<barId1>12323</barId1>
		<barId2>12335</barId2>
		<button>48034</button>
		<amount>5.0</amount>
	</SpecialAttackDefinition>
	<SpecialAttackDefinition>
		<id>12773</id>
		<barId1>12323</barId1>
		<barId2>12335</barId2>
		<button>48034</button>
		<amount>5.0</amount>
	</SpecialAttackDefinition>
	<SpecialAttackDefinition>
		<id>12774</id>
		<barId1>12323</barId1>
		<barId2>12335</barId2>
		<button>48034</button>
		<amount>5.0</amount>
	</SpecialAttackDefinition>
	<SpecialAttackDefinition>
		<id>5680</id>
		<barId1>7574</barId1>
		<barId2>7586</barId2>
		<button>29138</button>
		<amount>2.5</amount>
	</SpecialAttackDefinition>
	<SpecialAttackDefinition>
		<id>5698</id>
		<barId1>7574</barId1>
		<barId2>7586</barId2>
		<button>29138</button>
		<amount>2.5</amount>
	</SpecialAttackDefinition>
	<SpecialAttackDefinition>
		<id>11889</id>
		<barId1>7674</barId1>
		<barId2>7686</barId2>
		<button>29138</button>
		<amount>2.5</amount>
	</SpecialAttackDefinition>
	<SpecialAttackDefinition>
		<id>11824</id>
		<barId1>7674</barId1>
		<barId2>7686</barId2>
		<button>29138</button>
		<amount>2.5</amount>
	</SpecialAttackDefinition>
	<SpecialAttackDefinition>
		<id>1249</id>
		<barId1>7674</barId1>
		<barId2>7686</barId2>
		<button>29138</button>
		<amount>2.5</amount>
	</SpecialAttackDefinition>
	<SpecialAttackDefinition>
		<id>1215</id>
		<barId1>7574</barId1>
		<barId2>7586</barId2>
		<button>29138</button>
		<amount>2.5</amount>
	</SpecialAttackDefinition>
	<SpecialAttackDefinition>
		<id>1231</id>
		<barId1>7574</barId1>
		<barId2>7586</barId2>
		<button>29138</button>
		<amount>2.5</amount>
	</SpecialAttackDefinition>
	<SpecialAttackDefinition>
		<id>4587</id>
		<barId1>7574</barId1>
		<barId2>7586</barId2>
		<button>29138</button>
		<amount>5.5</amount>
	</SpecialAttackDefinition>
	<SpecialAttackDefinition>
		<id>1305</id>
		<barId1>7574</barId1>
		<barId2>7586</barId2>
		<button>29138</button>
		<amount>2.5</amount>
	</SpecialAttackDefinition>
	<SpecialAttackDefinition>
		<id>1434</id>
		<barId1>7624</barId1>
		<barId2>7636</barId2>
		<button>29199</button>
		<amount>2.5</amount>
	</SpecialAttackDefinition>
	<SpecialAttackDefinition>
		<id>13188</id>
		<barId1>7800</barId1>
		<barId2>7812</barId2>
		<button>30108</button>
		<amount>5.0</amount>
	</SpecialAttackDefinition>
	<SpecialAttackDefinition>
		<id>10887</id>
		<barId1>7624</barId1>
		<barId2>7636</barId2>
		<button>29199</button>
		<amount>5.0</amount>
	</SpecialAttackDefinition>
	<SpecialAttackDefinition>
		<id>4153</id>
		<barId1>7474</barId1>
		<barId2>7486</barId2>
		<button>29049</button>
		<amount>5.0</amount>
	</SpecialAttackDefinition>
	<SpecialAttackDefinition>
		<id>13902</id>
		<barId1>7474</barId1>
		<barId2>7486</barId2>
		<button>29049</button>
		<amount>3.5</amount>
	</SpecialAttackDefinition>
	<SpecialAttackDefinition>
		<id>13904</id>
		<barId1>7474</barId1>
		<barId2>7486</barId2>
		<button>29049</button>
		<amount>3.5</amount>
	</SpecialAttackDefinition>
	<SpecialAttackDefinition>
		<id>13926</id>
		<barId1>7474</barId1>
		<barId2>7486</barId2>
		<button>29038</button>
		<amount>3.5</amount>
	</SpecialAttackDefinition>
	<SpecialAttackDefinition>
		<id>13928</id>
		<barId1>7474</barId1>
		<barId2>7486</barId2>
		<button>29038</button>
		<amount>3.5</amount>
	</SpecialAttackDefinition>
	<SpecialAttackDefinition>
		<id>13899</id>
		<barId1>7574</barId1>
		<barId2>7586</barId2>
		<button>29138</button>
		<amount>2.5</amount>
	</SpecialAttackDefinition>
	<SpecialAttackDefinition>
		<id>13901</id>
		<barId1>7574</barId1>
		<barId2>7586</barId2>
		<button>29138</button>
		<amount>5.0</amount>
	</SpecialAttackDefinition>
	<SpecialAttackDefinition>
		<id>15241</id>
		<barId1>7549</barId1>
		<barId2>7561</barId2>
		<button>29124</button>
		<amount>5.5</amount>
	</SpecialAttackDefinition>
	<SpecialAttackDefinition>
		<id>861</id>
		<barId1>7549</barId1>
		<barId2>7561</barId2>
		<button>29124</button>
		<amount>10</amount>
	</SpecialAttackDefinition>
	<SpecialAttackDefinition>
		<id>12788</id>
		<barId1>7549</barId1>
		<barId2>7561</barId2>
		<button>29124</button>
		<amount>10</amount>
	</SpecialAttackDefinition>
		<SpecialAttackDefinition>
		<id>12926</id>
		<barId1>7549</barId1>
		<barId2>7561</barId2>
		<button>29124</button>
		<amount>5</amount>
	</SpecialAttackDefinition>	
	<SpecialAttackDefinition>
		<id>11785</id>
		<barId1>7549</barId1>
		<barId2>7561</barId2>
		<button>29124</button>
		<amount>4</amount>
	</SpecialAttackDefinition>	
	<SpecialAttackDefinition>
		<id>12926</id>
		<barId1>7549</barId1>
		<barId2>7561</barId2>
		<button>29124</button>
		<amount>5</amount>
	</SpecialAttackDefinition>	
		<SpecialAttackDefinition>
		<id>6724</id>
		<barId1>7549</barId1>
		<barId2>7561</barId2>
		<button>29124</button>
		<amount>5.5</amount>
	</SpecialAttackDefinition>
		<SpecialAttackDefinition>
		<id>12924</id>
		<barId1>7549</barId1>
		<barId2>7561</barId2>
		<button>29124</button>
		<amount>5</amount>
	</SpecialAttackDefinition>
	<SpecialAttackDefinition>
		<id>13879</id>
		<barId1>7649</barId1>
		<barId2>7661</barId2>
		<button>29213</button>
		<amount>5</amount>
	</SpecialAttackDefinition>
	<SpecialAttackDefinition>
		<id>13880</id>
		<barId1>7649</barId1>
		<barId2>7661</barId2>
		<button>29213</button>
		<amount>5</amount>
	</SpecialAttackDefinition>
</list>